Distância,Tempo
0,0
14.97,0.000000046
20.064,0.000000066
25.81,0.000000090
30.84,0.000000110
36.94,0.000000136
42.26,0.000000160