freq(MHz)_3/6,U2 (V)_3/6,I1 (uA)_3/6,U1 (V)_3/6
22,0.78,53.18,2.97808
22.3,0.88,53.04,2.97024
22.5,0.98,52.6,2.9456
23,1.26,50.03,2.80168
23.3,1.56,44.63,2.49928
24,1.64,34.82,1.94992
24.3,1.3,46.27,2.59112
24.5,1.04,58.81,3.29336
25,0.656,55.69,3.11864
25.5,0.456,57.72,3.23232
26,0.32,58.88,3.29728
27,0.188,60.47,3.38632
28,0.116,61.7,3.4552